{
    "kibanaUserRoles": {
        "RoleML":[
            {
                "cluster":["monitor","monitor_ml","monitor_watcher"],
                "indices":[{
                    "names":["caveolog-0*","caveoscan-0*","caveonetwork-0*-flows*",".ml-anomalies-custom-caveolinuxlog-0",".ml-anomalies-custom-caveowinlog-0",".ml-anomalies-custom-caveoscan-0",".ml-anomalies-custom-caveonetwork-0"],
                    "privileges":["read"],
                    "field_security":{
                        "grant":["*"]}
                }],
                "run_as":[],
                "metadata":{},
                "transient_metadata":{
                    "enabled":true
                },
                "name":"RoleML-0"
            },
            {
                "elasticsearch":{
                    "cluster":["monitor","monitor_ml","monitor_watcher"],
                    "indices":[{
                        "names":["caveolog-0*","caveoscan-0*","caveonetwork-0*-flows*",".ml-anomalies-custom-caveolinuxlog-0",".ml-anomalies-custom-caveowinlog-0",".ml-anomalies-custom-caveoscan-0",".ml-anomalies-custom-caveonetwork-0"],
                        "privileges":["read"],
                        "field_security":{
                            "grant":["*"]
                        }
                    }],
                    "run_as":[]
                },
                "kibana":[{
                    "privileges":["read"]
                }]
            },
            {
                "elasticsearch":{
                    "cluster":["monitor","monitor_ml","monitor_watcher"],
                    "indices":[{
                        "names":["caveolog-0*","caveoscan-0*","caveonetwork-0*-flows*",".ml-anomalies-custom-caveolinuxlog-0",".ml-anomalies-custom-caveowinlog-0",".ml-anomalies-custom-caveoscan-0",".ml-anomalies-custom-caveonetwork-0"],
                        "privileges":["read"],
                        "field_security":{
                            "grant":["*"]
                        }
                    }],
                    "run_as":[]
                },
                "kibana":{
                    "global":["read"]
                }
            }
        ],
        "RoleDashboard":[
            {
                "cluster":["monitor"],
                "indices":[{
                    "names":["caveolog-0*","caveoscan-0*","caveonetwork-0*-flows*",".kibana"],
                    "privileges":["read"],
                    "field_security":{
                        "grant":["*"]
                    }}],
                    "run_as":[],
                    "metadata":{},
                    "transient_metadata":{
                        "enabled":true
                    },
                    "name":"RoleDashboard-0"
            },
            {
                "elasticsearch":{
                    "cluster":["monitor"],
                    "indices":[{
                        "names":["caveolog-0*","caveoscan-0*","caveonetwork-0*-flows*",".kibana"],
                        "privileges":["read"],
                        "field_security":{
                            "grant":["*"]
                        }
                    }],
                    "run_as":[]
                },
                "kibana":[{
                    "privileges":["read"]
                }]
            },
            {
                "elasticsearch":{
                    "cluster":["monitor"],
                    "indices":[{
                        "names":["caveolog-0*","caveoscan-0*","caveonetwork-0*-flows*",".kibana"],
                        "privileges":["read"],
                        "field_security":{
                            "grant":["*"]
                        }
                    }],
                    "run_as":[]
                },
                "kibana":{
                    "global":["read"]
                }
            }
        ],
        "User":[
            {
                "username":"cspadmin@caveonix.com",
                "roles":["cspAdminRole","cspAdminRoleDashboard"],
                "full_name":"cspadmin",
                "email":"cspadmin@caveonix.com",
                "metadata":{},
                "enabled":true,
		"password":"kibana"
            }
        ]
    }
  }