{
    "machineLearning": {
      "Jobs": [
        {
            "analysis_config":{
                "bucket_span":"15m",
                "influencers":[
                    "asset_name.keyword",
                    "severity.keyword"
                    ],
                "detectors":[{
                    "detector_description": "count by \"severity.keyword\" partitionfield=\"asset_name.keyword\" excludefrequent=all",
                    "function":"count",
                    "by_field_name":"severity.keyword",
                    "partition_field_name":"asset_name.keyword",
                    "exclude_frequent": "all"
                }]
                
            },
            "analysis_limits": {
                "model_memory_limit": "100mb"
            },
            "data_description":
            {
                "time_field":"collectionTime",
                "time_format": "epoch_ms"
            },
            "custom_settings": {
                "custom_urls": [
                    {
                        "url_name": "Explore",
                        "time_range": "auto",
                        "url_value": "kibana#/discover?_g=(time:(from:'$earliest$',mode:absolute,to:'$latest$'))&_a=(index:caeef8f5-d501-4ec7-8a08-8063b56a9684,query:(language:lucene,query:'MachineName.keyword:\"$MachineName.keyword$\"'))&embed"
                    }
                ]
            },
            "results_index_name":"caveoscan-0"
        },
        {
            "analysis_config": {
                "bucket_span": "15m",
                "detectors": [
                    {
                        "detector_description": "count",
                        "function": "count",
                        "partition_field_name": "MachineName.keyword"
                    },
                    {
                        "detector_description": "distinct_count(EventID)",
                        "function": "distinct_count",
                        "field_name": "EventID",
                        "partition_field_name": "MachineName.keyword"
                    },
                    {
                        "detector_description": "high_count",
                        "function": "high_count",
                        "partition_field_name": "dstip.keyword"
                    },
                    {
                        "detector_description": "distinct_count(dstip.keyword)",
                        "function": "distinct_count",
                        "field_name": "dstip.keyword",
                        "partition_field_name": "dstip.keyword"
                    },
                    {
                        "detector_description": "distinct_count(srcport.keyword)",
                        "function": "distinct_count",
                        "field_name": "srcport.keyword",
                        "partition_field_name": "dstip.keyword"
                    },
                    {
                        "detector_description": "distinct_count(srcip.keyword)",
                        "function": "distinct_count",
                        "field_name": "srcip.keyword",
                        "partition_field_name": "dstip.keyword"
                    },
                    {
                        "detector_description": "distinct_count(dstport.keyword)",
                        "function": "distinct_count",
                        "field_name": "dstport.keyword",
                        "partition_field_name": "dstip.keyword"
                    }
                ],
                "influencers": [
                    "MachineName.keyword",
                    "UserName.keyword",
                    "Source.keyword",
                    "dstip.keyword",
                    "dstcountry.keyword",
                    "dstport.keyword",
                    "srcip.keyword",
                    "srcport.keyword"
                ]
            },
            "analysis_limits": {
                "model_memory_limit": "13mb"
            },
            "data_description": {
                "time_field": "collectionTime",
                "time_format": "epoch_ms"
            },
            "custom_settings": {
                "custom_urls": [
                    {
                        "url_name": "Explore",
                        "time_range": "auto",
                        "url_value": "kibana#/discover?_g=(time:(from:'$earliest$',mode:absolute,to:'$latest$'))&_a=(index:caeef8f5-d501-4ec7-8a08-8063b56a9684,query:(language:lucene,query:'MachineName.keyword:\"$MachineName.keyword$\"'))&embed"
                    }
                ]
            },
            "results_index_name":"caveolog-0"
        },
        {
            "analysis_config": {
                "bucket_span": "15m",
                "detectors": [
                    {
                        "detector_description": "non_zero_count",
                        "function": "non_zero_count",
                        "partition_field_name": "source"
                    }
                ],
                "influencers": [
                    "source",
                    "destination",
                    "destinationPort"
                ]
            },
            "analysis_limits": {
                "model_memory_limit": "50mb"
            },
            "data_description": {
                "time_field":"collectionTime",
                "time_format": "epoch_ms"
            },
            "custom_settings": {
                "custom_urls": [
                    {
                        "url_name": "Explore",
                        "time_range": "auto",
                        "url_value": "kibana#/discover?_g=(time:(from:'$earliest$',mode:absolute,to:'$latest$'))&_a=(index:caeef8f5-d501-4ec7-8a08-8063b56a9684,query:(language:lucene,query:'MachineName.keyword:\"$MachineName.keyword$\"'))&embed"
                    }
                ]
            },
            "results_index_name":"caveoflow-0"
        }
      ],
      "Datafeed": [
        {
            "job_id": "caveoscan-0",
            "query":{
                "match_all":{
                    "boost": 1
                }
            },
            "indices":[
                "caveoscan-0*"
            ],
            "types":[]
        }
      ],
      "StartDataFeed": [
        {
            "start":"0"
        }
     ],
     "UpdateJob":[
        {
            "groups":[],
            "custom_settings":{
                "custom_urls":[
                    {
                        "url_name":"Explore",
                        "time_range":"auto",
                        "url_value":"kibana#/dashboard/ef1ba500-a6c3-11e8-af88-9ffb9efcbf31?embed=true&_g=(refreshInterval:(display:Off,pause:!f,value:0),time:(from:now-30d,mode:quick,to:now))&_a=(description:Tenant-0,filters:!(),fullScreenMode:!f,options:(darkTheme:!f,hidePanelTitles:!f,useMargins:!t),panels:!((gridData:(h:3,i:'1',w:12,x:0,y:0),id:'ede87c30-a6c3-11e8-af88-9ffb9efcbf31',panelIndex:'1',type:visualization,version:'6.1.3'),(gridData:(h:5,i:'2',w:12,x:0,y:3),id:'ee82c060-a6c3-11e8-af88-9ffb9efcbf31',panelIndex:'2',type:search,version:'6.1.3')),query:(language:lucene,query:'MachineName.keyword:\"$MachineName.keyword$\"'),timeRestore:!t,title:CaveoLogs-Dashboard-0,viewMode:view)"
                    }
                ]
            }
        }
     ]
    }
  }